seqs,type
GCAGCACCAGATGAACTAGTAAGCGCAGACATCCGTTACACTTGAGGAGTTCATAACTATGCGTCAGCGGACTTGTTTTACAGGCTAGATCTTGTACCTAATAAGGACTCTGCACACCACGCTATCTTGCCCGACTTTCGCTTCAAAAACAGGTAGGTGGGAAAAACTCGCCCGTTCTCATCGTATCAGTAGCGGTCGCG,a
GCAGCACCAGATGAACCAGTAAGGGCAGAAATCTTTTACACTTGAGAAGTTCATAACGGTGCGTCAGCGGGCCTGGTTTACAGGATAGATATTATATCTAATAGGGATTCTGCGCACCTCACTATCTTGCCCGACGTTCGCTTCAAAACGAGGTGGGTGGGAGAATCTCACCCGTTCTCATCGTATCAGTCGCGGTCGCT,a
GCGGCACCAGATGAACTAGTAAGCGCAAAAGTCTGTCACACTTGAGGAGTTCATAACAGTGCATCAGCGGGCCTGGTTTACAGGCTAGATCCTATGTCTAATAAGGACTCCGCGCGCTTCGCTGTCTTGCCCGACTTTCGCTTCGAAGAGAGGTGGGTGGGAAAATCTCACCCGTTCTCATCGTATCAGTAGCGATCGCT,a
GCAGCACTAGATGAACTAGTAAGCGCAGAAGTCTGTCACACTTGAGGAGTTCATAACGATGCGTCAGCGGACCTGGTCTACAGGCTAGATCTTATATCTAATAAGGACTCTGCGCACCTCGCTATCTTGCCCGACTTTCGCTTCAGAAAGAGGTGGGTGGGAAAATCTCACCCGTTTTCATTGTCTCAGTGGCGGTCGCC,a
GCAACACCAGATGAGCTAGTAGGCGCAGAAGTCTGTCACACTTGATGAGTTCTTAACGATGTGTCAGCGGGCCTGGTTTAGAGACTAGATCTTATATCTAATAAGGGCTCTACGCACCTCACTATCTTGCCCGACTTTCGCTTCAAAAAGAGGTGGGTGGGAAAGTCTCACCCGTTCTCACGGCATCAGTAGCGGTCGCT,a
GCAGCACCAGATGAACTAGTAAGCGCAGAAGTCTGTCACACATGAGGAGTTCATAACGATGCGTCAGCGGGCCTGGTTTACAGGCTAGATCTCATATCTAATAAGGACTCTGCACACCTCGGTATCTTGCCCGACTTTCGCTTCAAAAAGAGGTGGGTGGGAAAATCTCACCTGTTCTCATCGTATCAGTAGCGGTCGCT,a
GCAGGACCAGATGAACTAGTAAGCGCAGGAGTTTATCACACTTGAGAAGTTCCTAGCGATGCGTCAGCGGGCCTGGCTTACAGGCTTGATCTTATATCTAACAAGGACTCTGCGCACCTCGCTGTCTCGCCCGATTCTCGCTTCAAAAAAAGGTGGGTGGGAAAATCTCACCCGTTCTCATCGTATCGGTAGCGGTCGCT,a
GCAGCAGCAAATGAACTAGTAAGCGCAGAAGTCTGTCACATTTGAGGGGTTCATAACGATGCGTCGGCGGGCCTGGTTTACAGGCTACGTCTTATATCTAATAAGGACGCTGCGCACCTCGCTATCTTTCCTGACTTTCGCTTCAAAGAGAGATGGGTGGGAAATTCTCACCCGTTCCCATCGTATCAGCAGCGGTCGCT,a
GCAATGCCAGATGGACTAGCAAGCGCAGAAGTCTGTCACACTTGAGGAGTTCATAACGATGCGTCAGCGGGCCTGGTTTGCAGGCTAGATCTTATATTTAATAAGGACTCCGCGCACCTTGCTATCTTGCCCGACTTTCGCTTCAAAAAGAGGTGGGTGGGAGAATCTCACCCGTTCTCATCGCATCAGTAGCGGTCGCT,a
GCAGCAACAGACGAACTAGTAAGCGCAGAAGTCTGTCACACTTGAGGAGTTCATAGCGATGCGTCAGCGGGTCTGGTTTACAGGCTAGATCTTATATCTAATAAGGACTTTGCGCACCTCGCTCTCTTGCCTGACTTTCGCTTCAAAAAGAGGTGGGTGGGAAAATCTCACCCGTTCTCATCGTATCAGTAGCGGTGGCT,a
GCAGCACCAGATGAACTAGTAAGCGCAGAAGTCTATCACACTTGGGGAGTTCATAATTATGCGTCAGCGGGCCTAGTTTACAGGCTAGATCTTATAGTTAATAAGAACTCTGAGCACCTCGCTATCCTGCCCGACGTTCGCTCCAAAAAGAGGTGAGTAAGAAAATCTCACCCGTTCTCATCGTATCAGTAACGGTCGCT,a
GCAGCACCAGATGAACTAGTAAGCGCGGGAGTCTGTCACGCTTGAGGAGTTCATAATGATGCGTCAGCGCGCCTGGTTTACAGGCTAGATCTTATATCTGATAAGGGCTCTGCGCACCTCGCTATCTTGCCCGACTTCCGCTTCAAAAAGAGGTGGGTGGGAAAATCTCACCCGTTCACATCGTAGCAGTAGCGGTCGCT,a
GCTTCGCCAGATGAACTAGTAAGCGCAAAAGTCTGTCGCACTTGAGGAGTTCATTACGGTGCGTCAGCGGGCCTGGTTTACAGGCTAGATCTTATATCTAATAAGAACTCTGCGCACCTCGCTATCTTGTCCGACTTTCGCTTCAAAAAGAGGAGGGTGTAAAAATCTCACCCGTTCTCAACGTATCAGTAGCGGTCGTT,a
GCAGCACCAGATGCACTAGTAAGCGCAGAAGTCTGTCACACTTGAGGAATTTATAGCGGTCCGCCAGCGAGCCTGTTTTATAGGCTGGATCTTATATCTAATAAGGACTCTGCGCACCTCGCTATCTTGCTCGACTTTCGCTTCAAAAAGAGGTGAGTGGGAAGATCGCGCCCGTTCTCATCGTATCAGAAGCGGTCGCT,a
ACAGCACCAGATGAACTAGTAAGCGCAGAAGTCTGTCGCACCCGAGGAGTTCATAACTATGCGACAGCGGGCCTGGTTTACAGGCTAGATCTTATATCAAATGGGGACTCTGCGCACCTCGCTATCTTGCCCGACTTTCGCTTCAAAAAGAGGTGGGTGAGAAGACCCCACCCATTCTCATCGTATCAGTAGCGTTCGCT,a
GCAGTACCAGATAAACTAGTAAGCGCGGAAGTCTGTCACACTTGAGGAGTACATAACGATGCGTCAGCGGGCCTGGTTCACAGGCTAGTTCTTATATCTAATAAGGACTCTGCGCACCTCGCTATCTTGTCCGACTTTCGCTTCAAGAAGAGGTGGGTGGGAAAATCCCACCCGTTTTCATCGTATCAGTAGCGGTCGCT,a
GCAGCACCAGATGAACTAGTAAGCGCAGGAGTCTGTCACACTTGAGGAGTTCATAGCGATGCGTCAGCGGGCCTGGTTTACAGGCTAGTTCTTATGTCTAATAAGGACTCTGCGCACCTCGTCGTCTTGCCTTACTTTCACTTCAAAAAGAGGTGGGCGGGAAAATCTCATCCGTTCCCATCGTATCAGTAGCGGTAACT,a
GCAGCACCAGATGAACTAGTAAGCGCAGAAGTCTGTCACACTTGAGGAGCTCATAACGATGCGTCAGCGGGCCTGGTTTACAGGCTAGATTTTATATCTAGTAAGGACTCTGCACACCTCGCTATCTTGCCCGACTTCAGCTTCAAAAAGAGGTGGGTGGGAAAATCTCACCCGTTCTCATCGTATCAGTACCGGTCGCT,a
GCAGCACCAGATGAACTCGCAAGCACGCAAGTCTGTCACACTTGAGAAGTTCATAACGATGCGTCGGCGGGCCTGGTTTACAGGCTAGATCTTATATCCAATAGGGACTCTACGCGCCTCGCTATCTTGCCCGACTTTTGCTTCAAAAAGAAGTGGATGGGAAAATCTCACCCGTTCTCATCGTATCAGTAGCGGTCGCT,a
GCAGCACCAGGTGAACTGGTAAGCACAGAAGTCTGTCAGACTTGAGGAGCTCAGAACGATGCGTCAGCGGGCCTGGATCACGGGCTAGATCTCATATCTAATAAGGACTCTGCGCGCCTCACTATTTTGCCCGACTTTCGCTGCAAAAAGAGGTGGGTGGGAAAATCCCACTCGTTCTTATCGTATCAGTAGCGGGCGCT,a
GCAGCTTCAGATGAACCAGTAAGCGCAGAAGTCGGTCACACTCGAGGAATTCATAACGGTGCGTCAGAGAGCCTGGTTTACAGGCTAGATCTTATATCTAATAAGGACACTGCGCACCTCGCTATCTTGCCCGACTATCGCTTCAAAAAGAGGTGGGTGGGAAAACCTCACCCGTTCTCATCGTATTAGTAGCGGTCGCT,a
GCAGCACCAGATGGACCAATGAGCGCAGAAGTCTGCCACACTTGAGGAGTTCATAGCGAGGCGTCAGCGAGCCTGGTTTACAGGCTAGATCTTATATCTAGTAAGGACTCTGCGCACCTCGCTTTCTTACCCGACTTTCGCTTCAAAAAGAGGTGGGTTGGGAAATCTCACCCCTTCTAATCGTATCGGTAGCGGTAGCT,a
ACAGCACCGGACGAACTAGTAAGCGCAGAAGTCTGTCACACTTGAGGAATTCATAACTATGCGTCAGCGGGCCTGTTTTACAGGCTAGATCTTATATCTAATAAGGGTTCTGCGCACCGCACTATCTTGCCCGACTTTCATTCTAAAAAGAGGTGGGTGGGAAAATCATACCCGTTCTCATCGTATCAGTAGCGGTCGCT,a
GCAGCACCAGATGTCATAGTAAGTGCAGAAGTCTGTCACATTGGAGGAGTTCATAACGGTTCGTCAGCCGGCTTGGTTTACAGGCTAGATATTATATCTAATAAGGTCTCCGCGCACCTCGCTATCTTGCCCGACTTTCGCTTCAAAAAGAGGGGGGTGGAAAAATCTCACCCGTCCTTATCGTATTAGTAGCGGTCGCT,a
GCAGCACCAGATGAACTAGTAAGCGCAGAAGTCTATCTCACTTGAGTGGTTCATAACGAGGCGTCAGCGGGCCTGGTTTACAGGCTAGATCTTATATCCAATAGGGACTCTGCGCACCTCGCGATCTTGCCCGACTTTCGTTTCAAAAAGAGGTGGGTGGGAAAATCTCCTCCGCTCTCATCGTATCAGTAGCGGTCGAT,a
GCAGCACCAGATGAACTAATAAGCGTAGAAGTCGGTCACACTCAAGAAGTTCATAACGATGCGTCAGCGGGCCTGGTTTGTAGGTTAGATCTTATATCTAATAAGGACCCTGCGCACCTCGCTATCTTGCTCGACTTTCGCTTCAAAAAGGGGTGGGTGGGAAAATCTCACCCGTCATCATCGTATCAGTAGCGGTCGCT,a
ACAGCACCAGATGAACTAGTAAGCGCAGAAGTCTATCACACTTGAAGAGTTCATAACGATGCGTCAGCGGGCCTGGTTTAGAGGCTAGATCTTATACCTAATAAGGATTCTGCGCACCTCGCTTTCTTGCCAGGTTTTCGCTTCAATAAGAGGTGGGTGGGAAAATCTCACCCGTTCTCATCGTGTCAGCAGTGGTCACT,a
GCAGCACCTAATGAACTAGTAAACGCAGAAGTGTGTCAAACTGGAGGAGTTCATAACGATGCGTTAGCGGGCTTTGTTTACAGGCCAGATCTTATATTCAATAAGAATTCTGCGCACCTCGCTACCTCGCCCGACTTTCACTCCAAACAGAGGTGGCTGGGAAAACCTCACCCGTTCTCATCATATCAGTAGCGGTCGCT,a
GTAGCACCAGATGAACTAGTAAGCGCAGAAGTCTGTCACACTTGAGGAGTTCATAACGATGCGTCAACGGGCCTGGTTTACAAGTTAGATCTTATATCGAATAAGGACTCTGCGCACCACGCTATCTTGCCCAACTTTCGCTTCAAAGAGAGATGGGTGGGAAAATCTCACCCGTTCTCATCGTATCAGTAGCAGTCGTT,a
GCAGCACCAGATGAACTAGTAAGCGCAGATGTCTGTCGCACTTGATGAGTTCATAATGATGCGTCAGCGGCCCTGGTTTACAGGCTAAATCTTATATCTAATAAGGACTCTGCGCACCGCGCTATCTTGTCCGACTTACGCTTCAAAAAGAAGTGGGTTGGAAAATTTCATCCGTTCTCATCGTATCAGTAGCGGCCGCT,a
GCAGCACTAGATGAACTAGTAAGCGCGGAAGTCTGTCACACTTGATGAGTTCACAACGATGAGTCAGCGGGCCTGGTTTACAGGCTAGATCTTATATCTAATAAGGACTCTGCGCACCTCGCTATCTTACCCGACTTTCGCTTCAGAAAGAGGTGGGTGGGAGAATCCCAACCGATCTCATCTTATCCGTAGCGGTCGCT,a
ACAGCACCAGATGAACCAGCAAGCGCAGAAGTCTGTCACACTTGAGGAGTTTATAACGATGCGTCAGCAGACCTGGTTCACAGGCTAGATCCTGAATCTAATGAGGGCTTCGTGCACCGCGCTATCTTGCCTGACTTTCGCTTCAAAAAGAGGTGGGTGGGAAAACCTCACCCGTTCTCATCGTACCAGTAGCGGTCGTT,a
GCAGCACCAGGTAAATTAGTAAGCGCAGAAGCCTGTCATATTCGAGGAGTTCATAACGATGCGTCAGTGGGCCTGGTATACAGGCTAGATCTTACATCTAATAAGGACGCTGCGCACCTTGCTATCTTGCCCGACTTTCGCGTCGAAAAGAGATGGGTGGGAAAATCTCACCCGTTCTCAGCGTATCAGTGGCGGTCGCT,a
GCAGCACCAGATAAACTAGTAAGCGCAGAAGTCTGTCACACTTGAGGTGTTCATAACGATGCGTCAGCGGGCCTGGTTTACAGGCTAGATCTTACATCTAATAAGGACACTGCGCACCTTGCAATCTTGCCCGACTCTCGCTTCAAAAAGAGGTGGGTGGGAAAATCTCACCCGTTCTCATCGTATCAGTAACGGTCGTT,a
GCAGTACCAGATGAACTAGTAAGCACAGAAGTCTGTCACACTTGAGGAGTTTATAACGATACGTCAGCGCGCATGGTTTACGGGTTAGATTTTATATCTATTAAGGAGTTTACGCACCTCGCTATTTTGCCCGTCTTTCGCTTCAAAAAGAGATGGGTGGGAAGATCTCAACCGTTCTCATCGTATCAGTAGCGGTCGCT,a
GCAGCACCAGATGAACTAGTAAGCGCAAAAGACTGTCGCACTTGAGGATTTCATAACGATGCGACAGCGGGCCTGGTTCACAGGCTAGATCTTATACCTAATAAAGACTCTGCGCACCCCGCTATCTTGCCCGACTTTTGCTTTAAAAAGAAGTGGGTGGGAAAATCTCACCCGTTCTCATCGTATCAGCAGCGGTCGCT,a
GCAGCACCAGATGAACTAGTAAGCGGAGAAGTCTGTCACACTTGAGGAGTTTATAACAATGCGTCAGCGGGGCTGGTTTCCAGGCTAGATCTTATATCTAATAAGGACTCTGTGCACCTCGCTATCTCGCTCGACTTTCGCTTCAAAAAGGGGTGGGTGGGAAAATCTTATCCGTTCTCATCGTATCAGTAGCGGTCGCT,a
GCAGCACCAGATGAACTAGTGATCGGAGAAGTCTGTCACACTTGAGGCATTCATAACGATGCGTCAGCGGGCCTGGTTTACAGACTATATCTTATATCTAATAAGGACTCTGCTCAGCTCGCTATCTTGCCCGACTTTCGCTTAAAAAAGAGGTGGGTGGGAAAATCCCACCCGTTCTCATCGTATCAGTAGCGGTCGCT,a
GCAGCACCGGACGAACTAGTATGCGCGGAAGTCTGTAACACCTGAGGAGTTCATAACGATGCGTCAGCGGGCCTGGTTTACACGCTAGATCTTATATCTAATAAGGACTCTGCGCACCTCGTTATCTTGCCCGACTTTCGCTTCAAAAAGAGGTGGGTGGGAAAATCTCACCCGTTCTCATCGTATCAGTAGCGGTCGCT,a
GTAGCACCAGATAAACTAGTAAGTGCAGAAGTCTGTCACACTTGAGAGGCTCATAACGCTGCGTCAGCGGGCTTGGTTTACATGCTAGATCTTATACTTAATAAGGACTCTGCGCACCTTGCTATCTTGCCCGACTCTCGCTCCAAAAAGAGGTGGGTGGGAAAATCTTACCCGTTCTCATTGTATCAGTAGCGGTCGCT,a
GCAGCACCAGATGAACTAGTAAGCGCAGGGGTCTGTCACACTTGAGGAATTCATAACGATGTGTCAGCAGACCTGGTTTACAGGCTAGATTTTATATCTAATAAGGGCTCTGAGCACCTCGCTATGCTGCCCGACTTTCGCTTCAGGAAGACGTGAGTGGGAAAATCTCACCCGTTCTCATCGTGTCAGTAGCGGTTGCT,a
GCAGCATCAGATGAACTAGCAAGCGCAGAAGTCTGTCACACTAGAGGAGTTCATAACGATGCGTCAGCGGGCCCGGTTTACAGGCTAGATCTTACATCCAATAAGGGCTCTGCGCACCTCGCTATCTTGCCCGACTTTCGCTTCCAAAAGAGGTGGGTGGGAAAACTTCACCCGTTCTCATCGTATCAGTATCGATCGCC,a
GCAGCATCAGACGAACTAGTGAGCGGAGAAGTCTGGCACACCTGAGGAGTTCATAACGACGCGTCAGCGGGCCTGGTTTACAGGCTAGATCTTATATCTAATAAGGTCTCTACGCACCTCGCTATCTTGCCCGACTTTCGTTCCAAAAGGAGGTGGGTGGGAAAATCTCACCTGTTCTCATCGTATCAGTAGCGATTGCT,a
GCAGCACTAGATGAACTAGTAAGCGTAGAAGTCTGTCACACTTGAGGAGTTTTTAACGATGCGTCAGCGGACCTGGTTTACAGGCTAGATCTTATATCCAATAAGGACTCTGCGCACCTCGCTATTTTGCCAGACTTTCGCTTCAAAAAGAGGTGAGTGGAAAAATCTCGCCCGGTCCCATAGTATCAGTAGCGGTCGCT,a
GCAGCACCAGACAAACTAGTTAGCGCAGAAGTCTGTCACACTTGGGGAGTTCATAACGATGCGTCAGCGCGCCTGGTTTACAGGCTAAATCTTATATCTAATAAGGACTCTGTGCACCTCGCTATCTTGCCTGACTTTCGCTTCAAAAAGAGGTGGGTGGGAAAATCTCACCCGTTCTCATCGTATCAGTATCGGTAGCT,a
GCAGCACCAGATGAACTAGTAAGCGCGGAAGCCTGTCACGCTTGTGGAGTTCACAGCGATGCGTCGGCGGGCCTGGTTTACAGACTAGATCTTATATCTAACAAGGATTCTGCGCACCTCGCTATCTTGCCCGACTTTCGTTTCAAAAAGAGGTGGGTGAGTAAGTCTCACCCGCTCTCATCGTATCAGTAGCGGTCACA,a
GCAGCACCAGATGAACTAGTAAGCGCGGAGGTCTGTCCTACTTGAGGAGTTCATAACGATGCGTCAGCGGGCCTGGTTTACAGGCTAGGTCTTATATCTAATAAGGACTCTGCGCACCTCGCAATCTTGCCCGACTTTCGCTTCAAAAAAAGGTGTGTGGGGAAGTCTCACCTGTTCTCATCATATCAGTGGCGGTCGCT,a
GCATCATTAGATTAACTAGTAAGCGCAGGAGTCTCTCACACTTGAGGAGTTCATGACGATGCGTCAGCAGGCCTGGTTTACAGGCTAGATCTTATATCTAATAACGACTCTGCGCACCTTGCTATCTTGCCCGACTTGCGTTTCGAAAAGAGGTGGGTTGGCAAATCTCGCCCGTTCTCATCGTATCAGTAGCGGTCGCT,a
GCAGCACCAGATGAACTAGTAAGCGCACAAGTCTGTTACACATGAAGAGTTTATAACGACGCGTCAGCGGGTCTGGTTTACAGGCTAGATCTTATATCTAATAAGGACTCTGCGCACCTCACTATCTTGCCCGATTTCCGCTTCAAAAAGAGGTGGGTGTGAAAATCTCACCCGTTCTCATCGTATCGGTAGCGGTCGCT,a
GCAGCACCAGATGAACTAGTAAGCGCAGAGGTTTGTCACAATTGAGGAGTTCATGACGATGCGTCGGCGGACCTGGTTTACAGCCTTGATCTTATATCTAGTAAGGGGTCTGCGCACCTCGCTCTCCTGCCCGACTTTCGCTTCAAAAAGGGGCGGGTGGGAGAATCTCACCCGTTCTCATCGTATCAGTAGCGGTCGCT,a
GCAGCACCAGATGAACTAGTAAGTGCAGAAGTCTGTCACACTTGGGGAGTTCATAACGATGCGTCAGCGGGCCTGGTTTACAGGCTAGATCTTATAGCTAATGAGGACTCTGCGCACCTCGCTATCTTGTCCGACTTTCGCTTCAAAAAGAGGTGGGTGGGAAAACCTCACCCATTCTCATCGTATCAGTAGCGCTCGCT,a
GCAGCACCAGATGAACTAGAAAGCGTAGAAGTCTGTCACACTTGAGGAGTTCATAACGATGCGTCAGCGGGCCTGGTTCACAGGCTAGATCTTATATCTGATAAGGACTCTTCGCACTTCACTATCTTGCCCGACTTTCGCTTCAAAAAGAGGTGGGTGGGAAAATCTCACCCGTTCTCATCGTATCAGTAGCGGTCGCT,a
GCAGCACCAGATGGACTAGTACGCGCAGAAGTCTGTCACACTTGAGGAGTTCATAGCGATGCGTCAGCGGACCTGTTTTACAGGCTAGATCTTAAAGCTAATGAGGACTCTGCGCACCTCGCTATCTTGCCTGACTTCCGCTGCAAGAAGACGTGGATGGGAAAATCTCACCCGTTCTCATCGTATCAGTAGCGGTCGCT,a
GCAGTACCAGATGAACTAGTAAGCGCAGAAGTCTGTCACGTTTAAAGAGTTCATAACGATGCGTCAGCGGGCCTAGTTCTCAGGCTAGATCTTATATCTAATAAGGATTCTGCGCACCTCGCTATCTTGCCCGACTTTCGCTTCAAAAAGGGGTGGGTGGGAAAATCTCACCCGTTCTCATCGTATTAGTAGCGGCCGCT,a
GCAGCACTAGTCGAAGTAGTAAGCGCAGAAGTCTGTCACACTTGAGAAGTTCATAACGATACGTCAGCGGGCCTGCTCTACAGGCTAGATCTTGTATCTAATAAGGACTCTGCGCATCTCGCTATCCTGCCCGAATTCCGCTTCATAAAGAGGTGGGTGAGAAAATCTCACCCGTTCTCATCGTATCAGTAGCGGTCGCT,a
GCAGCACCAGATGAACTAGTAAGCGCAGAAATCTGTCACACTTGAGGAGTTCATAACGATGCGTCAGCGGGTTTGGTTTACAGGCTAGATCTTATATCTAATGAGGTATCTGCGCACCTCGCTATCTTGCCCGACTTTTGCTTCAAAAAGAGGTGGGTGGGAAAATCTCACTCGTTTTTATCGTATCAGTAGCGGTCGCT,a
GCAGCACCAGATGAGTTAGTATGCGCAAAAGTCTGGCACACTTGAGGGGTTCATAACGATGCGTCCGCGGGCCTGGTTTAAAGGCTAGATCTTATATTTAACAAGGACTCTGCGCACCGCGCTATCTTGCCCGACTTTCGCTTCAAAAAGAGGTGGGTGGGAAAATCTCACCCGTTCTCATCGTGTCAGTAGCGGTCGTT,a
GCAGCACCAGATGAACCGGTAAGCGCAGAAGTCTGTCACACTTGAGGAGTTCATAACGATGCGTCAGCGGACCTGGTGTACAGGCTAGATCTTATATCTAATAGGAACTCTGCGCACCTCGCTATCTTGCCCGACTTTCGCTTCAAAAAGAGGTGGGTGGGAAGATCGCACCCGTTCTCATCGTATCAGTAGCGGTCGCT,a
GCAGCACCAGATGTACTAGTAAGCGCAGAAGTCTGTCACACTTGAGGAGTTCGTAACGATGCGTCAGCGGGCCTGGTTTACAGGCTAGATCTTATATCTAATAAGAACCCTGCGCATCTCGCTATCTTGCCCGACTTTCGCTCCAAAAAGAGGTGGGTGGGAAAATCCCACCCGTTCCCATCGCAGCGGTTGCGGTCACT,a
GCAGTGCCAGATGAGCTGGTAAGCGCAGAAGTCTGTCACAGTTGAGGAGTTCATAATGATGCGTCAGCGGGCCTGGTTTACGCGTTAGGTCTTATATCTAATAAGCATACTGCGCACCTAGCTATCTTGCCCTAGCTTCGCTTCAAAAACAGGTGGGTGGGAAAGTCTTACCCGTTCTCATCGTACCAGTAGCGGTTGCT,a
GCAGCAGCAGATGAACTAGTAGGCGCAGGAGGTTGCTACACTTGAGCAGTTCATAACGATGCGTCAGCGGGCCTGGTTTACAGGCTAGATTTTATATCTAATAAGGACTCTGAGCACCTCGCTATCTTGCCCGACTTTCGCTTCAAAAAGAGGTGGGTGGGAAAATCTCACCCGTTCTCATCGTATCAGTAGCGGTCGTT,a
GCAGCATCAGATGAACAAGTAAGCGCCGAAGTCTGTCACGCTTGAGGAGTTCATGACGATACGTCAGCGGGCCTGGTTTACAGGCTAGAACTTATATCTAATAAGGATTCTGCGCACCTCGCTATCTTGTCTGACTTTCGCCTTAAAAAGAGGTGGATGGGAAAACCTCACCCATTCTCATCGTATCAGTAGCGGTCGCT,a
GCAGTGCCAGATGAACTGGTAAGCGCAGAAGTCTGTCACACTTGAGGAGTTCATAACGCTGCGTCAGCGGGCCTGGTTTTCAGGCTAGATCTTGTATCTAACAAGGACTCTGCGCACCTCGCTATCTTGCCCGACTTTCACTTCAATAAGAGGCGGGTGGGAAAATCTCACCCGTTGTCATCGTATCAGTAGCGGTCGAT,a
GCTGCACTAGATGAACTAGTAAGCGCAGAACTCTGTCATACTTGAGGAGTTCATAGCGATGCGTCAGCGGGCCTGGTTTACAGGCTAGATCCTATATCTCATAAGGACTCTGCGCACCTCGCTATCTTGCCCGACTTTCGCTTCAAAAAGAGGTGAGTGGAAAAATCTCACCCGTTCTCATCGTAACAGTAGCGGTCGCT,a
GCAGTACTAGATGGACTAATAAGCGCAAAAGTCTGTCACGTTTGAGGAGTGCCTAAGGGTGGGTCAGCGGGCCCGGTTTACAGGCTAGATCTTATATCTAGTAAGGATTCCGCACAGGTCGCTATCTTGCCCGACCTTCGCTTCAGAAAGAGGTGGGTGGGAAAATCTCACCCGTTCTCATCGTATCAGGAGCGGTCGTC,a
GCAGCACCAGATGAACTAATAAGCGCAGAAGTCTGTCACACTTGGGGAGTTCATAACGACGCGTCAGCGGGCCTGATTAACAGGCTAGATCTTATATCTAATAAGGACTCTGCGCACCTCGCTATCTTGCCCGACTTTCGCTTCAAAAAGAGGTGGGCGGGATAATCTCACCCGTTCTTATCGCATCAGTAGCGGTCGCT,a
GCACCACCAGGTGAACTAGTAGGCGCAGAAGTCTGTCACACTTGAGGATTTCATCACGATGCGTCAGCGGGCCTGGTTTACAGGCTAGCTCTTACATCTAATAAGGACCCTGCGCAACTCGCTATCTTGCCCGATTTTCGCTTCAAAGAGAGGTGGATGGGAAAGTCTCACCCGTTCCCGTCGTATCAGTAGCCGTCGTT,a
GCAGCACCGGATGAACTACTTAGCGCAGGACTCTGTCACACTTAAGGAATTCATGACGATGTGCCAGCGGGCTTGGTTTACGGGCTAGATCTTATATCTAATGAGGACTCTGCGTACCTCGCTATCTTGCGCGACTTTCGCTTCAAAAAGAGATGGGTGGGAAAAGCCCACCTGTTCACATCGTATCAGTAGCGGTCGCT,a
GCTGCACCAGATGAACTAGTAAGCGCAGAAGTCTGTCACACTTAAGAAATTCATAACGATGCGTCAGCGGGCCTGGTTTACAGGCTAGATCTCATATCTAACAAGGACTCTACGTACCTCGCTATCTTGCCCGATCTTCGCTTCAAAAAGAGATGGGTGGGAAAGTCTCACCCGTTCTCGTCGTGTAAGTAGTGGTCGCT,a
GCAGCACCAGATGGACTAGTGAGCGCAGAAGTCTGTCACACTTGAGGAGTTCATAACGATGCGTCAGCGGGCCTAAATTACAGGCTAGACCTTATATCTAATAAGGACTCTGCGCATCTCGCTATCTTGCCCGACTTTCGCTTCAAAAAGAGGTGGGTGAGAAAATCTCACCCGTTCTCATCGTATCAGTAGCGGTCGCT,a
GCAGCACCAGATGAACTAGTAAGCGCAGAGGTCTGTCACACCTGAGGAGTTCATAACGATGCGTCAGCGGGTCTAGTTTACAAGCTAGATCTTGTATCTAATAAGGACTCTGCGCGCCTCGCTATCTTGCCCGACCTTCGCTTCAAAAAGAGGTGAGTGGGAGACTCTCATCCGCTCTAATCGTATCAGTAGCGGTCGTT,a
GCAGCACCAGATGAACTAGTAAGCGCAGAAGTCTATCACACTTGAGGAGTTCATAACGATGCGTCAGCGGGCCTGGTTTACAGGCTAGACCTTATATCTAATAAGGACTCTGCGCGCCTCGCTATCTTGCCCGACTTTCGTTACAAAGAGAGTTGGGTGGGAAAATCTCGCCCGTTCTCATCGTATCAGTAGCGGCCGGT,a
GTAGCACCAGATGAACTAGTAAGCGCAGAAGTCTGTTACACTTGAGGAGTTCATAACGATGCGTCAGCGAGCCTGGTTTATAGGCTCGATCTTATATCTAATAAGGACTCTGCGCACCTCGCCAACGCGCCCGACTTGCGCTTCAAAAAGACGTGGGTGGGTAAATCTCACCCGTTCTTATCGTATTAGCAGCGGTCGCT,a
GCGGCGCCGGATGAACTAGTAAGCGTAGAAGTCTGTCACACTTGAGGAATTCATAATGATGCGTTAGCGGGCCTGGTTTACGGGCTAGATCTTATATCCAATAGGGGCTCGGGGCACCTCGCGATCTTGCCCGACTTTCGCTTCAAAAAGAGGTGGGTGGGAAAATCTCACCCGTTCTCATCGTGTCAGTAGTGGTCGCT,a
GCAGCACCAGATGAACTAGTAAGCGCAGAAGTCTGTCACACCTGAGGGGTTCATATCGAAGCGTCAGCGGGCTTGGTTTACAGGCCAGATCTTAGATCTAATAAGGACTCTGCGCACCTCGCTATCTTGCCCGACTTTCGATTAAGAAAGAGGAGGGCGGGAAAATCTCACCCGTTCTCATCGTATCTGCAGCGGTCGCT,a
GCAGCACCTGATGAACTAGTAAGCGCAGAAGTCTGTCACACTTGAGAAGTTTATAACGATGCGTCAGCGGGCCTGGTTTACAGGCGAGACCTTATATTTAACAAGGACTCTGCGCACCTCGCTATCTTGCCCGACTTTCGCTTCAAAAAGAGGTGGGTGGGAAAATCTCACCCGTCCTCATCGTATCAGTAGCGGTTGCT,a
GCAGGACCAGATGAACTAGTAAACGCAGAAGTCCGTCATGCTCAAGGAGCTCATACCGATGCGCCAGCGGGCTCGGTTTACGGGCTAGATCTTATATCTAATAAGGACTCTGCGCACCTCGCTATTTTGCCCGACTTCCGCCTCAAAAAGAGGTGGGTGGGAAAATCTCACCCGTTCTCATCGTATCAGTAGTGGTCGCT,a
GCAGCACCAGATGGACTAGTAAGCGCAGAAGTCTCTCACATCTGAGGAGTTCATAACGATGCGCCAGCGAGCCTGGCTTACAGGCTAGATCTTATATCTAAGAAGGACTCTGCGCACCTCGCCATCTGGCCCGACTGTCGCTTCAAAAAGTGGTGGGTGGGAAAATCTCACCTGTTCTCATCGTATCAGTAGCGGTCGCT,a
ACAGCACCAGATGAACTAGTAAGCGCAGAAGTCTGTCACACTTGAGGGGTCCATAACGATACGTTAGGGGGCCTGGTTTACAGGCTAGACCTCATATCTAATAAGGACTCTGCGCACCTCGCTATCATGCCCGACTTTCGCTTTAATAAGAGGTGGGTAGGAAAATCTCACCCGTTCTCATCGTGTCAGTAGCGGTCGCT,a
GTAGCACCAGATGAATCAGTAAGCGCAGAAGTCTGTCAGACTTGAGGAGTTCATAACGATGCGTCTGCGGGCCTCGTCTACAGGCTAGATCTTATATCTAATAAGGACTCCGCGCACCTCGCTATCCTACCCGACTTTCGCTTCTAAAAGAGGTGGGTAGGAAAATCTCACCCGTTCTCATCATACCAGTAGCGATCGCA,a
GCGGCACCAGATGAACTAGTCAGCGCAGAAGTCTGTCACACTTGAGGAGTTCATAACGATGCGTCAGCGGACCTGGTTTACAGGCCAGGTCTTATATCTAATAAGGACTCTGCGCACCTCGCTATCTTGCCCGACTTCCGCTTCAAAAGGAGGTGGGTGGGAAAATGTTACCTGTCTTCATCGTATCAGTGGCGGTCGCT,a
GCAGCTCCAGATGAGCTAGTAAGCGCGGAAGTATGTAATACTTTAGGAGTTCATAACGATGTGTCAGCGGGCCTGGTTTACAGGCTAGATCTTATATCTAATAAGGACTCTGCCCACCTCGCTATCTTGCCCAACTTTCGTTTTAAAAAGAGGTGGGTGGGAAAATCTGACCCGTTCTCACCGTATCAGTAGCGGTCGCG,a
GCAGCACCAGATGAACTAGTAAGCGCAGAAGTCTGTCACACTTGAGGAACTCATAACGATGCGTCAGCAGGCCTGGTTTACAGGCTAAATCTTATATCTAATAAGGACTCTGCATACCTCGCTATCTTGCCCGACTTTCGCTTCAAAAAGAGGTGGGTGGGAAAACCTCACCCATTCTCATCGTGTCAGTAGCGGTCGCT,a
GCAGCACCAGATGAACTAGTAAGCGCAAAAGTCCGTCACACTTGAGGAGTTCGTAACGATCCGTCAGCGGGCCTGGTTTACAGGCTAGATCTAATATCTAGTAAGGACTCGGCGCACCTCGCTATCTTGCCCGACTTTCGCTTCAAAAAGAGGTGGGTGGGAAAATCTCACCCGTTCCCATCGTGTCAGTAGCCGTCGCT,a
GCAGCATCAGATGAACTAGTAAGCGAAGAAGTTCGTCACAGTTGAGGGGTTCATTACGATGCGTCAGCGGGCCTGGTGCACAGACCAGATCTTATATCTGATAAGGACTCGGCGCACCCCGCTAACTTGCCCGACTTTCGCCTCAAAAAGAGGTGGGTGGGAAAGTCTCACCCGTTCTTATTGTATCGGTAGCGATCGCT,a
GCAGCACCAGATGAACTAGTAAGCGCAGAAGTCTGCCACACTTGAGGAGTTCATAACGATGCGTGAGTGGGCCTGGTTTACAGGGTAGATCTTATACTTGATAAGGACTCTGCGCACCTCGCTATCTTGCCCGACTTCGGCTTCAAAAAGAGGTGGGTGAGAAAATCTGACCCGTTCTCATCTTATCACTAGCGGTCGCT,a
GCAGCACCAGATGAACCAGTAAGCGTAGAGGTCTGTCACACTTGAGGAATTCATAACGATGCGTCAGCGAGCCCGGTCTACAGGTTAGATCTTATATCTAATAAGGACTCTGGGCACCTCGCTATCTTGCGCGATTTTCTCTTCACGAGGAGGTGGGTGAAAAAGTCTCACCCGTTCTCATCGTATCAGTAGCGGTCGCT,a
GCAGCACCAGATGAACTAGTAAGCGCAGAGGTCTGTCACACTTGGGGAGTTCATAACGATGCGTCAGCGGGCCTGATTTACAGGCTAGATCTTATATCTAATAAGGACCCTGCACACCTCGCTATCTTGCCCGACTTTCGCTTCAAAAAGAGGTGGGTGGGAAAATCTCACCCGTTCTCATCGTTTCAGTAGCGGTCGCT,a
GCAGCACCAGATGAACCAGCAAGCACGGAAGTCTGTCACACTTAAGGAGATCATAACGATGCGTCAGCGGGCCTTGTTCACAGGCTAGCTCTTATATCTGATAAGGGCTCTGCGCACCTCGCTATCTTACCCGACTTCCGCTTCAAACGAAGGTGGGTGAAAAGATCTCACCTGTTCTCATCGTATCAGTAACGGTCGCT,a
GCAGCACCAGATGAACGAGTAAGCGCAGTAGTTTGTCACGCTTCAGGAGTTCATAACGATGCCTCAGCGGGCCTGGTTTACAGGCTAGATCTTATATCTAATAAGGACCCTGGGCACCTCGCTATCTTGCCCGACTTTCGCTTCAAAAAGAGGTGGGTAGGAAAATCTCAACCGTTCTCGTCGTACCTGTAGCAGTCGCT,a
GCAGCACCAGATGAACTAGTAAGCGCAGAAGTCTATCACACTTGAGGAGTTCGTAACGATGCGTCAGAGGGCCTGGTTTACAGGCCAGACCCTACGTCTAATAAGGCCTCTGCGCGCCTCGCTATCTTGCCCGACTTCCGCTGCAAAAAGGGGTGGGTGGGAAATTCTCACCCGTTCTCACCGTATCAGTAGCGGCCGCT,a
GCAGCACCAGATGATCTAGTAAGCGCAGGAGTCTGTCACACCTGAGGAGTTCATAACGATGCGTCAGCGGGCCTGGTTTACAGGCTAGATCTTATATCTAGTAAAGACTCTGCGTACCTCGGTTTCTTGCCCGACTTTCGCTTCAAAAAGAGGTGGGTGGGAAAATCTCACCCGTTCTCATCGTATCAGTAACGGCCGCT,a
GCAGCACCAGATGAACTAGTAAGCGCAGAAGTCTGCCATACTTAAGGAGTACATAACGATGCGTCAGCGGGCCTGGTTTATAGGCTAGATCTTATATCTAATAAGGACTCTGCGCACCTCGCTATCTTGCCCGACTTTCGGTTCAAAGAGAGGTGGGTGGGAAAATCTCACCCGTTCTCATGGTATCAGTAGCGGTCGCT,a
GCAGCTCCAGAGGAACTAATAAGCGCAGAAGTCTGTCACACTTGAGGAGTTCATAACGATGCGCCAGCAGGCCTGCTTTACAAGCTAGATCCTATATCTAATAAGGGCTCTGCGCACCTCGCTATCTTGCCCGACTGTGGCTTCAAAAAGAGGTGGGTGGGATAATCTCACCCGTTCTTATCGTATCAGTAGCGGTCGCT,a
ACAGCACCAGATGAACTAGTAAGCGCAGAAGTCTGCCACACTTGAGGAGTTCATAACAATGCGTCCGCGTGCCTGGGTTACAGGCTAGATCCTATATCTAATTAAGACTCTGCGCACCTTGCTATCTTGCCCGATTTTCGCTTCAAAAAAAGGTGGGTGGGAAAATCTTAGCCGTTCTCATCGTATCAGTAGCGGTCGCG,a
GCAGCACCAGATTAACTAGTGAGCGCAGAAGTCTGTCGCACTTGAGGAGTCCATAATGATGCGTCAGCTGGCCTGGTTTACAGTCTAGATCTTATATCCAGTATGGTCTCTGCGCACCTCGCTATCTTGCCCGACTTTCGCTTCAGAAAGAGGTGGGTGGGAAAATCTCACCCGGTCTAACCGTACCAGTGGCAGTCGCC,a
GCAGCACCAGATGAACTAGTAAGCGCAGAAGTCTGTTTCACTTGAGGAGTTCAGAACGATGCGTCGGCGGGCCTGGTCTACAGACTAGATCTTATATCTAATAAGGACTCTGCGCACCTCGCCATCTTGCCCGAGTTTCGCTTCAACAAGAGGTGGGTGGGAAAATCTCACCCGCTCTCATCGTATCAGCAGCGGTCGCT,a
GCAGCACCAGATGAACTAGTAAGCGCAGAAGTCTGTCACACTTGAGGGGTTCCTAACGATGCGTCAGCGGGCTTGGTTTATAGGCTAGATCTTATATCTAATAGGGACTCTGCGCACCTTGCTATCTTGCCCGACTTTCGCCCCAAAAAGAATTGGGTGGGAAAATCTAACCCGTTCTCATCGTACCAGTAGCGGTCAAT,a
GCAGCACCAGATGAACTAGCAAGCGCAGGAGTGTGTCACACTTGAGGAGTTCATAACGGTGCGTCAGCGGGCCTGGTTTACAGGCTAAATCTTATGTCTAATAAGGACTCTGCGCATCTCGCTATCTTGCCCGACTTTCGCTTCAAAAAAAGGTCGATGGGAAAATCTCACCCGTTCTCATCGTATCAGTAGCGGTCGCT,a
GCAGTACCAGATGAACAGACAAGCGTAGAAGTCTTTGACACTTGAGGAATTCATAACGATGCGCCAACGGGCCTGGCTTACAGGTTAGATCCTATACCTGATGGAGACTCTGCGCACCTCGCTATCTTGTCTGACTTTCGCTTCAAAAAGAGGTGGGTGGGAAAATCTCACCCGTCCTCATCATCTTAGTAGCGGTCGCT,a
GCAGCACCAGATGGTCTAGGAAGCGCAGAAGTCTGTCGCGCTGGAGGAGTTCATAACGATGCGTCAGCGGGCCAGGTTTACAGGCTAGATCTTATATCTAATAGGGACCCTGCGCACCTCGCTATCTAGCCCGACTTTCGCTTCAAAACGCGGTGGGTGGGAAAATCTCACCCGTACTCATCGTATCCGTTGCGGTCGCT,b
GCAGCACCAGATGAACTTGTAAGCGCAGAAGTCTGTCACACTTGAGGAGTCCATAACGATGCGTCAGCGGGCCTGGATTACAGGCTAGATCTTATATCTAACAAGGACTCTGCGCACCTCGCTATCTTGCCCGACTTCCGCTTCAAAAAGAGGGGGGTGGGAAAATCCCACCCGGTCTCATCGTCACAGTAGCGGACGCT,b
GCAGCACCTGATGTACTAGTAAGCGCGGAAGGCTGTCACACTTGAGGAGTTCATAACGATGCGTCAGCGGGCCTGGCTTACAGGCTAGTTCTTATATCTCATAAGGACTCTGCGCACCTCGCTATCTCGCCCGACTTTCGCTTCAAAACGAGGTGGGAGGGAAAATCTCACCCGAACTCATCGTCACAGTAGCGGTCGCA,b
GCAGCACCAGATGATCTAGTGAGCGCAGCTGACTGTCACACTTGAGGAGTTCATAACGATGCGTCAGCGGGCCTGGCTTACAGGCTAGATCTAATAACTAAAAAGGACCCTGCGCACCGCGCTAGCTTGCCCGACTTTCGCTCCAAAGAGAGGGGGGTGGGAAAATCTCACCCGTTCTCATCGTATCAGTAGCGGTCGCT,b
GCAGCACCAGATGAACGAGTAGGCGCAGAAGTCTGTCGCACCTGAGGAGTTCATAACGTTGCGTCAGCGGGCCTGGTTTACAGGCACGATCTTATAACTAATAAGGACCCAGCGCACCTCGCTACCTTGCCCGACTTTCGCTTCAAAAAGAGGTGGGTGGGAAATTCTCACCCGTTCCCATCGTCTCAGACGCGGTCGCT,b
GCAGCACCCGATGAACTAGTAAGCGCAGACGTCTGTCACACTGGAGGAGTTCATGACGATGCGTCAGCGGGCCTGGTTTACAGGCTAGATCTTATATCAAATAAGGACTCTGCGCACCTCGCTACCTAGCCCGACTTGCGCTTCAAAAAGAGGTGGGTGGGAATATCTCACCCGTTCTCATCGTATCAGTAGCGGTCGCT,b
GCAGCACCAGATGAACTAGTAAGCGCAGAAGTCTGTCACACTTGAGGGGTTCATAACGATGCGTCAGCGGGCCTGGTTTACAGGCTAGATCGTATATCTAATAAGGACTCTGCGCACCTCGCTATCTAGCCCGGCTTTCGCTTCACAAAGAGGTGGGTGGGAAAATCTCGCCCGTTCTCATCGTACCAGTAGCGGTCGCT,b
GCAGCTCCAGATGAACTAGTAAGCGCGGACGCCTGTCACACCTGAGGAGTTCATCACGACGCGTCAGCGGGCCTGGTTTGCAGGCTGGATCTTATATCTAAGACGGCCTCTGCGCACCCCGCTATCTTGCCCGACTTCCGCATCAAAAAGAGGTGGGTGGGAAAATCTCTCCCGTCCTCATCGTATCAGTAGCGGTCGCT,b
GCAGCACCAGACGCTCTAGTAAGCGCAGAAGTCTGTCACACTAGAGGAGTTCAGAACGCTGCGTCAGCGGGCCTGGTCTCCAGGCTAGTTCTCATATCTAATAGGGACTCTGCGCACCTCGCCATCTTGCCCGACTTTCGCTACAAAGAGAGGTGGGTGGGAAAATCTCACCCGTTCTCATCGTATCAGCAGCGGTCGCC,b
GCAGCACCAGATGAACTAGTAAGCGCAGACGTCTGTCACACTTGGGGAGTTCATAACGATGCGTCGGCGGGCCTGGTTTACAGGCGAGATCTTATATCTAATAAGGACTCTGCGCACCTCGCTATCTTGCCCGCCTTTCGCTTCAAAAAGAGGTGGGTGGGATAATCTCACCCGTCCTCATCGTATCGGTAGCGGTCGCT,b
GCAGCACCAGACGAACTAGGCAGCGCAGAGGTCCGTCACACCTGAGGAGGTCATATCGATGCGTCAGCGGGCCTGGTGTCCAGGCTAGATCTTGTATCTAACAAGGACTCTGCGCACCCCGCTATCTTGCCCGACTTACGCATCAAAAAGAGGTGGGTGGGAAAATCTCACCCGTTCTCTCCGTATCAGTAGCGGTCGCT,b
GCAGCACCAGATGAACTAGTACGCGCAGACGTCTGTCACACTTGAGGAGTTCACAACGATGCGTCAGCGGGCCTGGTTTACAGGCTAGATCTTATATCTACTAAGGACTCTGCGCACCTCGCTATCTTGCCCGACTTTCGCTTCAAAAAGAGGTGGGCGGGAAAATCTCACCCGTTCTCAGCGTATCAGTTGCGGTCGCC,b
GCAGCACCAGGTGAACTAGTAAGCGCAGAAGTCTGTCACACTTGAGGAGTTCATTTCGATGCGTCAGCGGGCCCGGTTTACAGGCTAGATCTTATATCTAATAAGGACTCTGCGCTCCTCGCTATCTTGCCCGACTTTCGCTTCAGACAGAGGTGGGTGGGAAAATCTCACCCGGTCTCTTCGAAGCAGCAGCGGTCGCT,b
GCAGCACCAGATGAACTAGCAAGCGCAGAAGTCTGTCCCGCTTGTGGAGTTCATAACGACGCGTCAGCGGGCCTGGGTTACAGGCTAGATCTTATATCTAATAAGGACTCTGCGCACCTCGCTGTCTTGCCCGACTTTCGCTGCAAAAAGAGGTGGGTGGGGAAATCTCACCCGTGCACATCGTATCTGTAGCGGTCGCT,b
GCAGCACCAGACGAACTAGTGAGCGCAGAAGTCTGTCACACTTGAGGAGTTCGTAACGATGCGTCTGCGGGCCTGGCTTACAGGCTAGATCTTATCTCTAAAATGGACTCCGCGCACCTCGCTCTCTAGCCCGACTTTCGCTTCAAAAAGAGGTGGGTGGGAAAATCTCACCCGAACTCATCGTATCTGCAGCGGTCGCT,b
GCAGCGCCAGATGAACTAGTCAGCGCCGAAGTCAGTCACACGTGAGGAGTTCATAACGGTGCGTCAGCGGGCCTGGCTGACGGGCTAGATCCTACATCTACAAAGGACTCTGCGCACCTCGCTATCTTGCCCGGCTTTCGCTCCAACTAGAGGTGGGTGGGAGCATCTCACCCGTTCTCACCGTATCAGTAGCGGTCGCT,b
GCAGCGCCAGATGAACTAGTAGGCGCAGAAGTCTGTCACCCTCGAGGCGTTCATAACGACGCGTCAGCGGGCCTGGTTTACAGGCTAGATCTTTTATCAAATAAGGACTCTGCGCCCCTCGCTATCTTGCCCGACTTTCGCTTCAGAAAGAGGTGGGTGGGGAAATCCCACCCGTTCTCAGCGAATCAGTAGCGGTCGCT,b
GCGGCGCCTGGTGAACTAGTAAGCGCGGAAGTCTGTCACACTGGAGGAGTTCACATCGGTGCGACAGCGGGCCTGGTTTACAGGCTAGATCTTATAGCTAATAAGGACTCCGCGCACCTCGCTTTCATGCCCGACTTTCGCTACCGATAGAGGTGGGTGGGAAAATCTCACCCGTTCTCATCGTATCCGTAGCGGTCGCT,b
GCGGCACCAGATGAACTAGTAAGCGCAGGAGTCTGTCACACTTGAGGGGCTCATAACGAGGCGTCGGCGGGCCTGGTTAACAGGCTAGATCTTCTATCTAATAAGGCCTCTGCGCACCTCGCAATCTTGCCCGACTTTCGCTGCAATAAGTGGTGGGTGGGAAAATCCCACCCGTTCTCATCGTATCAGTAGCGGTCGCT,b
GCAGCACCAGATGACCTAGGAAGCGCAGAAGTCTGTCACACTTGAGGAGTTCATGACGATGCGTCTGCGGGCCTGGTCTACAGGCTAGATCTTATGTCTAATAAGGACTCTGCGCACCTCGCTATCTTGCCCGACTTCCGCACCAAAAAGAGGTGGGTGGGAAAATCTCACCCGCTCTCATCGTATCAGTAGCGGTCGCC,b
GCAGCACCTGTTGAACTAGTAGGCGCAGAAGTCTGTCACACTTGAGGGGTTCACAACGATGCGTCAGCGGGCCTGGGTTACAGGCTAGATCTTGTATCCAATAAGGACTCTGCGCACCTCGCTATCTTGCCCGACTTTCGCTTCAAAAAGAGGTGGGAGGGAAAATCTCACCCGTTCTCATCGTGTCAGTAGCGGCCGCT,b
GCAGCACCAGAAGGACTAGTAAGCGCAGAAGTCAGACACACTTGAGGGGTCCATAACGATGCGTCAGCGGGCCTGGTTTACAGGCTAGATCTTATATCGAATAAGGACCCTGCGCACCACGCTATCTTGCCCGACTTTCGCTGCAAAAAGAGGTGGGAGGGAAAATCTCACCCGTTCTCCTCGTATCAGTGGCGGTCGCT,b
GCGGCGCCAGATGAACTAGCAAGCGCAGAGGTCTGACACACCTGAGGAGTGCATAACGATGCGTCAGCGGGCCTGGTTTACAGGCTAGATCTCACATCTAATAAGGACTCTGCGCACCTCGCTGTCTTGCCCGACTTTCGCCTCAAGAAGGGGTGGGTGGGAAAATCTCACCCGTTCTCATCGTCTCAGGAGCGGTCGCT,b
GCAGCACCAGATGAACTGGTACGCGCAGATGTCTGTCACACTTGGGGAGTTCATAACGATGCGCCAGCGGGCCTGGTTTACAGGCGAGACCTTATCGCTAATGGGGCCACTGCGCACCTCGCTATCTCGCCCGACTTTCGCTTCAAAAAGAGGTGGGTGGGAAAATCTCACCCGTCCTCATCGTATCAGTGGCGGGCGCT,b
GCAGCACCAGATGAGCTAGTAAGCGCAGAAGTCTGTCACACTAGAGGAGTACATAACGAAGCGTCAGCGGGCCTGGTTTACAGGCTTGCTCTTGTCTCTGATAAGGACTCTGCGCACCCCGCTATCTTGCCCGACTATCGCTGCAAAAAGAGGTGGGTGGGAGAATCTCACCCGTTCACGTCGTATCTGTAGCGGTCGCT,b
GCAGCACCAGATGAACTAGTAAGCGCAGAGGTCTGTCACACTTGAGGAGTTCATAACGATGCGTCAGCGGGCCTGGTTTACAGGCTAGATCTTATATCCAATAAGGACTCTGCGCACCTCGCTATCTTGCCCGACTTTCGCTTCAGAAAGAGGTGGGTGGGAAAATCTCTCCCGTTCTCATCGTATCGGTAGCGGACGCT,b
GCAGCACCAGATGAACTAGTACGCGCAGAAGTCTGTCCCACTTGAGGAGTTCATAACGATGCGTCAGCGGGCCCGGTTTACAGGCTAGATCTTATATCTAATAAGGACCCTGCGCACCTCGCTATCTTGCCCGACATTCGCGTCAAAAAGAGGTGGGTGGGAAAATCTCACCCGTTCTCATCGTATCAGTAGCGGTCGCT,b
GCAGCACCAGCGGCACTAGTAAGCGCAGAAGTCTGTCACTCTTGGGGGGTTCATAACGATGCGTCAGCGGGCCTGGCCTACAGGCTCGGTCTTATATCTAATAAGGACTCTGCGCACCTCGCTATCTTGCCCGACTTTCGCTTCACAAAGAGGTGGGTGGGAAAACCTCACCCGTCCTCATCGTGTCAGTAGCGGTCGCT,b
GCAGCACCAGATGAACTCGTTAGCGCAGAAGTCTGTCACACTTGAGGAGTGCATACCGATGCGTCAGCGGGCCTGGATACCAGGCTAGATCTTATATCTAATAAGGACGCTGCGCGCCTCGCTGTCTTGCCCGACTTTCGCTTCGAAAAGAGGTGGGTGGGAAAATCTCACCCGTTCTCTTCGTATCAGTTGCGGTCGCC,b
GCAGCACCCGACGAACTGGTAAGCGCAGAAGTCTGTCACCCTTGAGGAGCTCATAGCGATGCGTCGGCGGGCCTGGTTTACAGGCTAGGTCTTATATCTAATTGGGACCCTGCGCCCCTCGCTATCTTGCCCGGCTTTCGCTTCAAAAGGAGGTGGGTGGGAAAATCTCTCCCGCTCTCATCGTATCAGTAGCGGTCGCT,b
GCAGCTCCAGATGAACTAGTAAGCGCAGAGGTCTGTCCCACTAGAGGAGTTCATAACGATGCGTCAGCGGGCCTGGTTTACAGGCTAGATCTTATATCTAATGAGGACTCTGCGCACCTCGCTATCTTGCCCGACTTTCGCGTCAAAAAGAGGTGGGTGGGAAAACCTCACCCGGTCTCATCGTGTCAGAAGCGGTCGCT,b
GCAGCACCAGACGAACTAGCAAGCGCAGAAGTCTGCCACACGTGAGGGGCTCATAACGAAGCGTCAGCGGGCCTGGTTAACGGGCTAGAGCTAATATCTGTTAAGGACTCTGCGCACCTCGCTAACTTGCCCGACTTGCGCTTCAAAAAGAGGTGGGTGGGCACTTCTCACCCGTTCTCATCGCATCAGTAGCGGTCGCT,b
GCAGCACCGGATGAGCTAGTTAGCGCTGTAGACTGTCACGCTCGAGGGGTTCAAAACGTTGCGTCAGCGGGCCTGGTCTACCGGCCAGATCTTATATCGAATAAGGACACTGCGCACCTCGCTTTCTTGCCCGACTTTCGCTTCAAAAAGAGGTGGGTGGGAAAAACTCACCCGTTCTCATCGTATCAGTAGCGGTCGCT,b
GCAGCACCAGACGAACTAGTAAGCGCAGAAGTCTGTCGCACGTGAGGAGTTCATAACGATGCGTCAGCGGGCCTGGTTCACAGGCTAGATCTTTTATCGAAAAAGGACACTGCGCGCCTCGCTATCTTGCCCGACTTTCGCTTCTAAAAGAGGTGGGTGGGAAAATCACACCCGTTCTCATCGTATCAGTGGCGGCCGCT,b
GCAGCACCGGACGAACTAGTAAGCGCGGCAGTCGGTCACACTTGAGGAGTTCATAACGAAGCGTCAGCGGGCCTGGTTTACAGGCTAGAACTTATAACTTATAAGGACTCCGCGCACCTCGCTATCTTGCCCGACTCTCGCTCCAAAAAGAGGAGGGTGGGAAAATCTCACCCGTTCTCATCGAATCAGTAGCGGTCGCG,b
GCAGCACCAGAGGAACTAGTAAGCGCAGAGGTCTGTCACACGTGAGGAGTACAGAACGTTGCGTCGGCGGGCCTGGTTTACAGGCTTGATCTTTTACCTAATAAGGACTCGGCGCGCCTCGCTATCCTGCCCGACTTTCGCCTCAAAACGAGGTGGGTGGGATCATCTCACCCGTACTCATCGTGTCAGTAGCGGTCGCT,b
GCAGCACCAGATGAACTAGTAAGCGCAGAAGTCTGTCACGCTTGAGGAGTTCATAACGACGCGTCAGCGGGCCTGGTTTACAGGCTAGATCTTCTATCTAATAAGGACTCTGCGCACCTCGCTATCTCGCCCGTCTTTCGCTTCAATGGGAGGTGGGTGGGAAAATCTCACCCGGACACATCGTATCAGTAGCGGTCGCC,b
GCAGCACCAGATGAACTAGGAAGCGCAGGAGTCTGTCACACTTGAGGAGTTCATAACGATGCGGCTGCGGGCCTGGTTCACAGGCTAGATCTTATATCTAATAAGGCCTCTGCGCACCTCGCCATCTTGCCCGACCCCCGCTTCAAAATGAGGTGGGGGGGAGATTCTCACCCGTTCGCATCGTACCAGTAGCGGCCGCT,b
GCAGCACCAGATGAACGGGTAAGCGCAGAAGTCTGTCACACTGGAGGAGTTCATAACGATGCGGCAGCGGGCCTGGTTTGCAGGCTAGATCTTGTATCCACTAAGGACACTGCGCACCTCGCTATCTTGCCCGACATTCGCTTCACAAAGAGGTGGGTGGGTAAATCTCACCCGGTCTCATCGTAGCAGTAGCGGTCGCG,b
GCTGCACCAGATGCACTAGTAAGCGCAGAAGTCGGTCACCCGTGTGGTGTTCAAAACGATGCGTCGGCGGGCCTGGTTTACAGGCTAGATCTTTTATCTATTAGGGACTCTGCGCCCCCCGCTATCCTGCCCGACTTTCGCTTCAAAAAGCGGTGGGCGGGAAAGGCGCACCCGTTCTCGCCGTATCAGAAGCGGTCGCT,b
GCAGCACCAGATGAACTGGTAAGCGCAGAAGGCTGTCACACTTGAGGTGTTCCTAACGATGCGTCAGCGGGCCTGGTTTACTGGCTAGATCTTATATCAAAAAAGGACTCTGCGCGCCACGCTATCTTGCCCGACTTTCGCTTCAAATAGAGGTGGGTGGGAAAATCTCACCCGTTCTCATCGCATCCGTAGCGGTCGCT,b
GCAGCACCAGGTGAACTAGTAAGCGCAGAAGACTGCCTCACTTGCGGAGTTCATAACGACGCGTCTGCGGGCCTGGTTTACAGGCTAGATCTTATATCTAATAAGGACACAGCGCACCTCGCTATCTCGCCCGACGTTCGCTTCGTATAGAGGCGGGTGGGAAAAACTCACCCGTTCTCGTCGTACCAGTCGCGGTCGCT,b
GCAGCACCAGGAGAACGAGTAAGCGCAGGAGTCTGTCACACTTGAGGGGTTCATAACGATGCGTCAGCGGGCCTGGTATGCAGGCTAGATCTTATATCTAATAAGGACTCTGCGCACCTCGCTCTCTTGCCCGACTTTCGCTTCAAAAAGAGGTGGGTGGGAAAATCTCACCCGTTCTCTCCGTATCAGTAGCGGTCGCT,b
GCAGCACCAGATGTACTAGTAAGCGCAGAAGTCTGTCACACTTGTGGAGTTCATAACGACGCGCCAGCGGGCCTGGATTGCAGGCTAGATCTTATATCTAATAAGGACTCTGCGCACCTCGCTATCTTGCCCGACCTTCGCTTCAAAAAGAGGTGGGTGGGAGAATCTCACCCGTTCTCATCGTATCTGAAGCGGTCGCT,b
GCAGCACCTGGGGAACTAGTAAGCGCAGAAGTCTGTCACACTTGAGGAGTTCATAACGATGCGACAGCGGGCCTGGTTCACAGGCTAGTTCTTATATCTAATGAGGACTCTGCGCACCTCGCTATCTTGCCCGACCTTCGCTTCAAAAAGAGGTGGGTGGGGAAATCCCACCCGTGCTCAGCGTATCAGTAGCGGTCGCT,b
GCAGCACCGGATGAACTAGTACGCGCAGGCGTCGGTCACACTCGAGGAGTTCATAACGACGCGTCAGCGGGCCAGGTTTACAGGCTAGATCTTATATCTAATAAGGACTCTGCGCACCCCGCTATCCCGCCCGACTTGCGCTCCAAAAAGAGGTGGGTGGGACTATCTCACCCGTTCTCATCGTATCTGTAGCGGTCGCT,b
GCCGCACCAGATGAACTAGAAAGCGCAGAAGTCTGTCGCCCTTGGGGAGTTCATAACGACGCGTCAGCGGGCCTGGTTTACAGGCTAGATCTTATATCTAATAAGGACCCTGCGCACCCCGCTATCTTGCCCGACTTTCGCTTCAAAAAGAGGTGGGTGGGAAAACCTCACCCGTTCTCACCGTATCAGTAGCGGTCGCT,b
GCAGCACCAGCCGAACAAGTATGCGCAGTAGTCTGTCCCACCTGAGGAGTTCAAAACGATGCGTCAGCGGGCCTGGTTTGCAGGCATGATCTTACATCTAGTAAGGACTCTGCGCACCTCGCTATCTTGCCCGACTTTCGCTTCAAAAAGAGGCGGGTGGGAGAATCTCACCCGTTCTCGTCGTATCAGTAGCGGTCGCT,b
GCAGCACCAGATGAACTAGTATGCGCAGAAGTCTGCCACACCTGAGGTGGGCATAACGAAGCGGCTGCGGGCCTGGTTTACCGGCTAGATCTTATAACTAATAAGGACTCTGCGCACCTCGCTATCTGGCCCGACTGTCGCTTCCAGAAGAGGTGGGTGGGAAAATCTCACCCGTTCTCATCGTATCAGTAGCGGTCGCA,b
GCAGCACCAGACGAACTTGTAAGCGCAGAAGTCTGTCACACTTGAGGAGTTCATAACGACGCGTCAGCGGGCCTGGTTTACAGGCTAGATCTTATATCTGATAAGGACTCTGCGCACCTCGCTATCTTGCCCGTCTTTCGCTTCAAAAAGTGGCGGGTGGGAAGGTCCCACCCGTTCTCAACGTATCAGTAGCGGTCGCT,b
GCAGCTCCAGATGTACTAGTAAGCGCAGATGTCTGCCACACATGAGGAGGTCATAACGACGCGCCAGCGGGCCTGGTTTACAGGCTAGATCTTATACCTAATAGGGCCTCTGCGCACCTCGCTTTCTCGCCCGACTTTCGCCTCAAAGAGAGGTGGGTGGGATTATCTCACCCGTCCTCATCGTATCTGTAGCGGTCGCC,b
GCTGCACCTGAGGAACTAGTAAGCGCAGAAGGCTGTCACACTTGAGGAGTACCTAACGATGCGCCAGCGGGCCTGGTATACAGGCTAGAGCCTATACCTACTAAGGTCTCTGCGCACCTCGCTATCTTGCCCGTCTGTCGCATCAACAAGAGGTGGGTGGGAAAATCTCTCCCGTCCTCATCGTATCTGTAGCGGTCGCA,b
GCAGCACCAGATGAACTAGTAAGCGCAGAAGTCTGTCACACGTGAGGGGTCCATGACGATGCGTCAGCGGGCCTGGTTTACAGGCTAGATCTTACATCTATGAAGGACTCTGCGCACCTCGCTATCTTGCCCGACTTACGCTTCGAAAAGAGGTGGGTGGGAGAGTCTCACCCGTTCTCTTCGTATCAGTAGCGGTCGCT,b
GCCGCACCGGATGAACGAGTATGCGCGGAAGTCGGTCCCACCTGAGGAGTTCATAACGACGCGTCAGCGGGCCGGGTTCACAGGCTAGATCTTACATCTAATAAGGCCTCTGCGCACCTCGCTATCGTGCCCGACTTTCGCGTCAGACAGGGGTGGGTGGGGAAATCTCACCCGTTCTCATCGTATCAGTAGCGGTCGCT,b
GCAGCACCAGATGATCTAGTAAGCGCGGAAGTCTGACCCACTTGAGGAGTTCATAACGATGCGTCAGCGGGCCTGGTTTACGGGCTAGATCTTATATCTAACAAGGTCTCTGCGCACCTCGCTATCTTGCCCGACTCTCGCCTCATAAAGAGGTGGGTGGGCAGAACTCCCCCGTTCTCAACGTACCAGTAGCGGTCGCT,b
GCAGCACCAGGTGAACTGGTCAGCGCAGAAGTCTGTCACGCTTGAGGAGTTCATCACGATGCGTCAGCGGGCCTGGTTTACAGGCTAGATCTTATATCTAAAAAGGACTCAGCGCACCTCGCCATCTAGCCCGGCTTTCGCTTCTAATAGAGGTGGGTGGGAAAATCACACCCGTGCTCATCGTAGCAGTAGCGGTCGCT,b
GCAGCGCCAGATGAACTGGTACGCGCAGACGGCTGTCCCACTTGAGGAGTTCTTAACGTTGCGTCCGCGGGCCTGGTTTACAGGCTAGATCTTGTATCTAATAAGGACTCTGCGCACCTCGCTATCTTGCCCGACATTCGCTTCAAAAAGAGGTGGGTGGGAAAATCTCACCCGTTCTCATCGTATCAGTAGCGGTCGCT,b
GCTGCACCAGATGAACTGGTAAGCGCAGAAGTCTGTCACACATGAGGAGTTCATAACGGTGCGTCAGCGGGCCTGGTTTACAGGCTAGGTCTTATATCTAATAAGGACTCTGCGCACCCCGCTATCCTGCCCGACATTCGCTTCAGATAGAGGTGGGTGGGGAAATCTCACCCGTTCTCATCGTACCAGTCGCGGTCGCT,b
GCAGCACCAGATGCCCTAGTAAGCGCAGAAGTCTGTCACACTTGAGGCGATCATAACGGTGCGTCAGCGGGCCTGGTTTACAGGCTAGATCTTGTATCTAGTAAGGACTCTGCGCACCTCGCTATCTTGCCCGACTCTCGCTTCAACAAGGGGTGGGTGGGAAAATCTCACCCGTTCCCATCGTATCAGTCGCGGTCGCG,b
GCAGCACCAGATGAACTAGTCAGCGCAGAGGTCTGTCACACTTGAGGAGTTCATAACGTTGCGTCGGCGGGCCCGGTTTACAGGCTAGATCCTAGATCTAATAAGGTCCCGGCGCACCTCGCTGTCGTGCCCGACTTTCGCTTCAAAAAGAGGTGGGTGGGAATATCTCACCCGTTCTCATCGTAGCAGTAGCGGTCGCT,b
GCAGCACCAGATGTACTGGTAAGCGCAGAAGTCCGTCACGCTTGAGGAGTTCATATCGAAGCGTCTGCGGGCCTGGTTGACAGGCTAGATCTTATATCAGATAAGGACTCTGCGCACCTCGCTTTCTTGCCCGACTTTCGCTTCAAACAGAGGTGGGTGGGAACATCTCACCCGTTCTCATCGTATCAGTAGCGGTCGCT,b
GCAGCACCAGATGAACTAGTAAGCGCAGAGGTCTGTCACACTTGAGGAGTCCATAACGAAGCGTCAGCGGGCCTGGTTTACCGGCAAGATCGTATATCCAATAAGGACTCTGCGCACCGCGCTATCTTGCCCGACTTTCGCTTCAAAAAGGGGTGGGTGGGAAAATCTCACCCGATCTCATCGTATCAGTAGCGGTCGCT,b
GCAGCGCCAGTTGAACTAGTTAGCGCAGAAGTCTGTCACTCTCGAGGAGTTCATAACGATGCGTCTGCGGGCCTGGTTTACAGGCTAGATCATATATCAAATAAGGGCTCTGCGCACCTCGCTACCTTGCCCGACTTTCGCTTCACAAAGAGGTGGGCGGGAAGATCTCACCCGTTCTCATCGTATCAGTCGCGGCCGCT,b
GCAGCCCCAGGTGAACTAGTAAGCGCAGAAGTCTGTCACACTTGAGGAGTTCATAACGATGCGTCAGCGGGCCTGGTTTACAGGCTAGATCTTATATCTAATAAGGGCACTGCGCACCTCGCTATCCTGCCCGACTTTCGCTTCAAGAGGAGGTGGGTGGGAAAACCTCACCCGATCTCATCGTATCAGTAGCGGTCGCT,b
GCAGCACCAGCTGAGCTAGTAAGCGCAGAAGACAGTCACACTTGAGGAGTTCATAACGCTGCGTCAGCGGGCCTGGTTTACAGGCTAGATCTTATATCTAATAAGGACTCTGCGCACCTCGCTAGCTTGCCCGACATTCGCTTCAAAAGGGGGTGGGTGGGAACATCTCACCCGTTCTCGACGTATCAGTAGCGGTCGCT,b
GCAGCACCGGATGAACTAGTAAGCGCAGAAGACTGTCACACTCGAGGAGTTCATCACGATGCGCCAGCGGGCCTGGTTTACAGGCTAGATCTGATGTCTAACCAGGACTCTGCGCACCTCGCCATCTTGCCCGACTTTCGCTTCGAAAAGAGGTGGGTGGGAAAAGCTCACCCGGTCTCGTCGTGTCAGTAGCGGTCGCT,b
GCAGCACCAGATGAACTAGTAAGCGCGGAAGTCTGTCACACTTGAGGAGTTCATATCGATGCGTCGGCGGGCCTGGTTTCCAGGCGAGATCTTATATCTAATGAGGACTCTGCGCACCTCGCTATCTTGCCCGACTCTCGCTTCAAGTGGAGGTGGGTGGGAAAATCTCACCCGTTCTCTTCGCACCAGTAGCGGTCGCT,b
GCAGCACCTGATGAACTAGCAAGCGCAGAAGTCTGTCACGCTTGAGGAGTTCATATCGGTGCGTCAGCGGGCCAGGTCTACAGGCTAGATCTTATATCTATTAAGGACTCTGCGCACCTCGCTATCTGGCCCGACTTTCGCTTCAAAAAGTGGTGGGTGGGAGAATCACACCCGTTCTCATCGCATCAGTAGCGGTCGCT,b
GCCGCACCAGATGAACTGGCAAGCGCAGAAGGCTGTCTCTCTTGAGGAGTCCCTAACGATGCGTCTGCGGGCCTGGTTTACTGGCTGGATCTTATATCTAACAAGGACTCTGCGCACCTCGCTATCTTGCCCGACTTTCGCTTCAACAAGAGGTGGGTGGGAAAATCGCACCCGTTCTCAACGTATCAGTTGCGGTCGCT,b
GCAGCACCAGATGAACTAGTAAGCGCTGCAGTCTGTCACACTTGAGGGGTTCCTATCGATGCGTCAGCGGGCCTGGTTTACAGGCTAGATCTTATATCTAATAAGGACCCTGCGCACCCCGCTATCTTGCCCGACTCACGCTTCAAAACGAGGTGGGTGGGAAAATCGCCCCCGTTCTCTTCGTATCAGTAGCGGTCGCT,b
GCAGCACCAGATGTACTAGTGAGCGCAGAAGTCTGTCACACTTGAGGAGTGCATAACGATGCGTCAGCGGGCCAGGTTTACAGGCTAGATCTTAAATCAGATAAGGACTCTGCGCACCTCGCTATCTTGCCCGACTATCGCTTCAAAACGCGGTGGGTGGGAAAATCCCACCCGTTCCCATCGTGTCAGTAGCGGTCGCT,b
GCAGCACCAGATGAACTAGTAAGCGCAGAAGTCTGTCACCCTTGAGGAGTTCATTACGATGCGTCCGCGGGCCTGGTTTACAGGCTAGATCTTACAACTACTAAGGACTCCGCGCACCTCGCTTTCTTGCCCGACTTGCGCTTCAAAAAGAGGTGGGTGGGAACATCTCACCCGTTCTCATCGTATCAGTAGCGGTCGCT,b
GCAGCACCAGATGAACTAGTACGCGCAGACGTCTGTCACACTTGAGGTGTTCATAACGATGCGTCAGCGGGCCTGGTTTACAGGCTAGAGCTTATAGCTGATTAGGACTCTGCGCGCCGCGCTATCATGCCCGACTTTCGCTTCAAAAAGAGGTGGGTGGGAGAACCTCACCCGTTCCCATCGTATCAGTAGCGGTCGCT,b
GCTGCACCAGATGAACTCGTAAGCGCAGAAGTCTGTCACACTTGAGGAGTTCATAACGACGCGTCAGCGGGCCTGGTTTACAGGCCAGATCCTATATCTGATAAGGACTCTGCGCACCTCGCTATCTTGCCCGACTATCGCTTCAGAAAGAGGTGGGAGGGAAAATCTCACCCGTTCGCACCGAATCAGTAGCGGTCGCT,b
GCAGCACCAGATGAACCAGTACGCGCAGGAGTCTGTCTCGCTTGAGGAGTTCATAACGATGCGTCAGCGGGCCTGGTTTCCCGGCTAGATCTTATGTCGAATAAGGACTCTGCGCACCTCGCTAGCTTGCCCGACTTTCGCTGCAAACAGAGGTGGGTGGGAAAATCTCACCCGTCCTCCTCGTATCAGTAGCGGTCGCT,b
GCAGCACCAGACGGTCTAGTAAGCGCAGAAGTCTGTCACACCTGAGGGGTCCATAACGATGCGTCAGCGGGCCTGGGTTACAGGCGAGATCAAGTATCTAATAAGGACGCGGCGCACCTCGCTATCTTGCCCGACCTTCGCTTCACAAAGAGGTGGGTGGGAAAATCTCACCCGTTCTCATCGTATCAGTAGCGGTCGCT,b
GCAGCACCAGACGAACTAGTCAGCGCAGAAGTCTGTCACACTTGAGGAGTTCATGCCGATGCGTCAGCGGGCCTGGTTTACAGGCTAGATCTTATAACTAATAAGGACTCCGCGCACCTCGCTGTCTTGCCCGACTTTCGCTTCACAAAGAGGTGGGTGGGAAAATCTCACCCGTTCTCATCGAATCAGTAGCGGTCGCC,b
GCCGCACCAGGTGGACTAGAAAGCGCAGAAGTCGGTCACTCTTGAGGAGTTCATAACGGTGCGACAGCGGGCCTGGTATACAGGCAAGATCTTATATCTAATTAGGACTCTGCGCACCCCGCTATCTTGCCCGACTTTCGCTCCAAAAAGAGGTGGGTGGGAAAATCTCGCCCGTTCTCATCGTGTCAGTAGCGGTCGCT,b
GCAGCACCAGATGTACCAGTAAGCGCAGATGTCTGTCACACTCGAGGAGATCATAACGATGCGTCAGCGGGCCTGGTTTACAGGCTAGATCTTATGGCAAATAAGGACTCTGCGCACCTCGCAATCTTGCCCGACTTTCGCCTCAAAAAGAGGTGGGCGGGGCGATCTCACCCGTTCTCACCGTATCAGTAGCGGTCGCT,b
GCAGCACCAGACGAACTAGAAAGCGCAGAAGACTGGCACACTTGAGGAGCTCATAACGATGCGTCAGCGGGCCCGGTTTACAGGCTGGATCTTACATCAAATAAGGACTCTGCGCACCTCGCTACCTTGCCCGCCTTTCGCTTCAAAAAGAGGTGGGTGGGAAAATCTCACCCGTTCGCATCGTATCAGTAGCGGTCGCT,b
GCAGCACCTGATGAACAAGTAAGCGCAGAAGTCTGTCACACTTGAGGAGTTCATAGCGATGCGTCAGCGGGCCGGGTCTACAGGCTAGATCATATAGCTAACGAGGACTCTGCGCACCCCGCTATCTTGCCCGACTTTCGCTTCAAATAGGGGTGGGTGGGAAAAACTCACCCGTTCTCATCGTGCCAGTAGCGGTCGCT,b
GCAGCACCAGATGAACTGGTAAGCGCAGAAGTCCGTCACGCTTGCGGAGGTCATAACGATGCGTCAGCGGGCCTGGTTTACAGGCTAGATCTGATATCTAACACGGACTCTGCGCCCCGCGCTAACTTGCCCGACTTTCGCTGCAAAAAGTGGTGGGTGGGAAAATCTCTCCCGATCACATCGCATCAGTAGCGGTCGCT,b
GCAGCACCAGGTGAACTAGTTAGCGCAGAAGTCTGTCACACTTGAGGGGTTCATAACGATGCGTCAGCGGGCCTGGTTTACAGGCTAGATCTTTTATCTAGTAAGGACTCTGCGCACCTCGCTACCTTGCCCGACATCCGCTTCTAAAAGAGGTGGGTGGGAAAATCTCACCCGTCCTCATCGTATCAGGAGCGGTCGCT,b
GCGGCACCAGATGGACTAGGAAGCGCGGAAGTCTGTCACACTTGAGGAGTTCATAACGATGCGTCAGCGGGCCTGGTTTACAGGCTAGCTCTAATAGCTAATAAGGACTCTGCGCACCTCGCTATCTTGCCCGACTTTCGCTACAAAAAGAGGAGGGTGGGAAAATCCCCCCCGTTCTCATCGTATCAGTAGCGGTCGCT,b
GCAGCTCCTGATGGACTAGACAGCGCAGAAGTCCGTCGCGCTAGAGGAGTACGTAACGATGCGTCAGCGGGCCTGGTTTACGGGCTAGATCTTACACCTAATAAGGACTCAGCGCACCACGCTTTCTCGCCCGACATTCGCGTCTAAATGAGGTGGGTGGGAAAATCTCACCCGTTCTCCTCGTATCAGTAGCGGTCGCT,b
GCAGCACCGGATGAACAAGTAAGCGCAGAGGTCTGACACACTTGTGGAGTTCATAACGATGCGTCAGCGGGCCTGGTTTACAGGCTAGATCTTATATCTAAAAAGGACTCTGCGCACCTCGCTATCTTGCCCGACTTTCGCTTCAAAAAGTGGTGGGTGGGAAGATCTCACCCGTTCTCATCGTTTCAGTAGCGGTCGCT,b
GCAGCACCAGATGAACAAGTAAGCGCAGACGTCTGTCACACTTGAGGAGTTCATAGCGATGCGTCAGCGGGCCTGGTTTACAGGCAAGATCTAATATCTAAAAAGGACTCTGCGCACCTCGCAATCTTGCCCGACTTTCGCTTCAAAAAGAGGTGGGTGGGAAGGTCTCGCCCGTTCTCATCGTATCAGGAGCGGTCGCT,b
GCAGCACCAGATGAACTGGTAAGCGCGGACGTCTGTCTCACTTGAGGAGTCCATAACGATGCGGCAGCGGGCCTGGTTTACAGGCTAGTTCTCATATCGATTAAGGACTCTGCGCACCTCGCTATCTAGCCCGACTTTCGCTTCAAAAAGAGGTGGGAGGGAAAGTCACACCCGTTCTCAGCGTATCAGTAGCGGTCGCT,b
GCAGCTCCAGATGAACTAGTAAGCGCAGAAGTCTGTCCCACTCGAGGAGTTCGTATCGATGCGTCGGCGGGCCTGGTTTACAGGCTCGGTCTTATACCTAATAAGGACTCTGCGCACCCCGCTATCTTGCCCGGCTTTCGCTTCATAAAGAGGCGGGTGGGAAAATCTCGCCCGTTCTCATCGAATCAGTTGCGGTCGCT,b
GCTGCACCAGATGAACTAGAAAGCGCAGAAGTCTGTCACACTTGAGGAGCTCACAACGCTGCGTCAGCGGGCCTGGTTTTCCGGCTAGATCTTATATCTAATATGGACTCTGCGCACCTCGCTATCTTGCCCGACTTTCGCTTCAAAACGAGGTGGGTGGGAAAATCTCACCCGTTCTCGTCGTATCAGTAGCGGTCGCT,b
GCAGCACCAGATGAACCAGTAAGCGCAGATGTCTGTCACACTCGAGGAGTTCATAACGGTGCGTCAGCGGGCCTGGTTTACAGGCTAGATCTTATACCTAATAAGGACCCTGCGCACCACGCAAGCTTGCCCGACTTTCGCGTCAAAAAGAGGTGGGTGGGAAATTCTCACCCGTTCTCATCGTATCTGTAGCGGTCGCT,b
GCAGCACCAGAAGAGCTGGTAAGCGCAGAAGTCTGTCACACTTGAGGAGTTCATAACGTTGCGTCAGCGGGCCCGGAACACAGGCTAGATCTGATATCTAGTGAGGACGCTGCGCTCCTCGCTATCTTGCCCGACTTTCGCTCCAACAAGAGGTGGGAGGGGACATCTCACCCGTTCTCCTCGTATCAGCTGCGGTCGCT,b
GCCGCACCAGCTGAACTAGTAAGCGCAGGCGTCTGTCACACTTGAGGAGTTCATAACGATGCGTCAGCGGGCCTGGTTTTCAGGCCGGATCTAATATCTAATAAGGACTCTGCGCACCTCGCTCTCTTGCCCGGCTTTCGCTTCAAAAAGAGGTGGGTGGGGAGATCTCACCCGGACTCATCGTATCAGTAGCGGTCGCT,b
GCAGCACCAGATGAACCAGGATGCGCAGCAGTCTGTCACACTTGAGGTGTTCAAAACGATGCGTCAGCGGGCCTGGTTTACAGGCTAGATCTCTTATCTAATAGGGACTCTGCGCGCCTCGCTATCTTGCCCGACTTTCGCTTCAAAAAGCGGCGGGCGGGAAAGTCTCACCCGTTCTCATCGTACCTGTAGCGGTCGCT,b
GCAGCACCCGATGAACTAGTAAGCGCAGAAGTCTGTCACACTTGCGGAGTTCATAACGATGCGTCAGCGGGCCTGGATAACAGGCTAGATCTTGGATCTAATAAGGACTCTGCGCACCTCGCTACCTTGCCCGACTGTCGCTTCAATAGGAGGTGGGTGGGAAAATCTCACCCGTTCTCATCGTGTCAGTAGCGGTCGCT,b
GCAGCACCCGATGAACTAGTAGGCGCAGAAGACGGTCACACTCGAGGAGTTCATAACGATGCGTCAGCGGGCCTGGTTTACAGGCTAGATCTTATATCTAATAAGGACCCTGCGCACCTCGCTACCTTGCCCGACTTTCGCTTCATGAAGAGGTGGGTGGGAAAAGCTCACCCGCTCGCATCGAAGCAGTAGCGGACGCT,b
GCGGCACCCGATGAACTAGTGCGCGCAGAAGTCTGTCACTCGTGGGGAGTCCATAACGATGCGTCAGCGGGCCTGGTTTACAGGCCGGATCTTATATCTAATAAGGACTCTGCGCGCCTCGCTATCTTGCCCGACTTTCGCTTCAAAAAGAGGTGGGTGGGAAAATCTCACCCGTTCGCATCGAATCAGTAGCGGTCGCT,b
GCGGCACCAGATGAACTAGTCAGCGCGGAAGTCGGTCACACACGAGGGGTTCATCACGAGGCGTCAGCGGGCCTGGTTTACAGGCTAGTTCCTATATCTACTAAGGACTCTGCGCACCTCGCTATCTTGCCCGACTTTCGCTTCAAAAAGAGGTGGGTGGGAAAATCTCACCCGTTCTCATCGTACCAGTAGCGGTCGCT,b
GCAGCACCAGATGAACTGGTAAGCGCAGAAGTCCGTCACACTAGAGGAGTTCATCACGATGCGTCAGCGGGCCTGGCGTACAGGCTAGACCTTATATCTAATATGGACTCTGCGCACCTCGCTATCTTGCCCGACTTTCGCTTCGAGACGAGGTGGGTGGGAATATCTCACCCGTACTCATCGTATCAGTAGCGGTCGCC,b
GCAGCACCAGATGAACTAGTAAGCGCAGAAGTCTGTCACACTTGAGGAGTTCATAACGATGCGTCAGCGGGCCCGGAGTACTGGCTAGATCTTATATCTAATAAGGACGCTGCGCACCGCGCTATCTTGCCCGACATTCGCCTCAAAAAGAGGTGGGTGGGAAAATCTCACCCGTTCTCATCGTATCAGTAGCGGTCGCT,b
